"time","track_length"
3.979938,"1k"
2.622283,"1k"
3.530358,"1k"
2.105275,"1k"
2.45122,"1k"
14.78163,"5k"
14.04115,"5k"
12.53857,"5k"
12.2951,"5k"
10.6705,"5k"
23.81351,"10k"
27.09042,"10k"
26.65096,"10k"
25.95342,"10k"
27.3412,"10k"
128.7351,"50k"
130.3704,"50k"
119.5084,"50k"
125.0284,"50k"
155.8666,"50k"
