"time","track_length"
21.22034,"1k"
18.27165,"1k"
17.3743,"1k"
19.60419,"1k"
17.74756,"1k"
173.0585,"5k"
161.0919,"5k"
180.5616,"5k"
166.7179,"5k"
143.0359,"5k"
