"time","track_length"
0.3004126,"1k"
0.2906229,"1k"
0.2959478,"1k"
0.2965476,"1k"
0.284477,"1k"
0.862849,"5k"
0.8614071,"5k"
0.8659631,"5k"
0.8696741,"5k"
0.8722816,"5k"
1.643243,"10k"
1.628102,"10k"
1.602577,"10k"
1.641489,"10k"
1.624402,"10k"
11.02364,"50k"
10.94951,"50k"
11.01615,"50k"
10.98028,"50k"
11.02844,"50k"
