"time","track_length"
0.2729041,"1k"
0.2570019,"1k"
0.2677125,"1k"
0.2434688,"1k"
0.2544029,"1k"
0.8459915,"5k"
0.8388397,"5k"
0.8340576,"5k"
0.8302988,"5k"
0.8165903,"5k"
1.673699,"10k"
1.684071,"10k"
1.68151,"10k"
1.681405,"10k"
1.689568,"10k"
10.885,"50k"
10.8895,"50k"
10.78632,"50k"
10.84368,"50k"
10.74539,"50k"
