"time","track_length"
6.358133,"1k"
6.209498,"1k"
6.235314,"1k"
6.482375,"1k"
6.334853,"1k"
25.0791,"5k"
26.17118,"5k"
25.17661,"5k"
25.25228,"5k"
25.21946,"5k"
